id,date,place,lat,lon,cloud_cover,precipitation,temperature,cloud_cover_avg,precipitation_avg
23,1942-02-24,Los Angeles,34.05223,-118.24368,24,0.0,8.8,40.0,0.6
26,1946-05-18,Ängelholm,56.2428,12.86219,91,4.3,11.6,51.2,1.24
30,1947-07-07,Phoenix,33.44838,-112.07404,1,0.0,34.4,17.8,0.03
31,1947-07-08,Roswell,33.39437,-104.52491,4,0.0,29.7,25.8,1.13
36,1948-07-24,Montgomery,32.36681,-86.29997,34,2.9,27.5,60.4,5.08
39,1950-03-15,Farmington,36.72806,-108.21869,38,0.0,4.5,43.8,0.53
40,1950-05-11,McMinnville,45.21012,-123.19872,13,0.0,15.6,58.8,1.53
41,1950-08-15,Great Falls,47.50024,-111.30081,41,0.1,21.6,43.0,0.91
42,1951-01-20,Sioux City,42.49999,-96.40031,100,4.4,-10.2,54.3,0.23
43,1951-08-25,Lubbock,33.57786,-101.85517,44,0.0,25.7,31.0,1.99
45,1952-07-12,Washington D.C.,38.89511,-77.03637,4,0.0,24.3,45.4,4.18
46,1952-07-14,Norfolk,36.84681,-76.28522,57,0.4,26.0,46.0,1.86
47,1952-09-12,Flatwoods,38.72315,-80.64982,0,0.0,22.2,39.6,1.77
48,1954-09-10,Quarouble,50.38634,3.62306,76,0.0,15.8,63.5,2.11
50,1955-08-21,Hopkinsville,36.86561,-87.49117,6,0.0,29.2,32.8,1.34
52,1956-08-13,Drakensberg Garden,-29.75,29.25,63,6.9,8.4,33.8,1.33
53,1957-05-03,Edwards Air Force Base,34.91637,-117.93535,1,0.0,17.8,31.1,0.28
55,1957-10-15,São Francisco de Sales,-19.86278,-49.77417,18,0.0,27.5,45.5,2.72
56,1957-11-02,Levelland,33.58732,-102.37796,22,0.0,11.2,66.2,2.77
57,1957-11-04,Albuquerque,35.08449,-106.65114,84,7.4,9.6,53.5,2.49
61,1964-04-24,Socorro,34.0584,-106.89142,23,0.0,16.0,15.4,0.1
63,1964-09-22,Big Sur,36.27024,-121.80745,16,0.0,22.6,14.1,0.0
64,1964-09-18,Surabaya,-7.24917,112.75083,16,0.0,28.3,58.5,3.71
66,1965-09-03,Exeter,42.98148,-70.94783,4,0.0,15.9,59.2,1.99
67,1965-07-01,Valensole,43.83766,5.98392,35,0.0,23.3,20.6,0.38
68,1965-12-09,Kecksburg,40.18479,-79.46059,61,0.0,2.7,78.4,1.29
69,1966-03-20,Dexter,42.33834,-83.88954,90,0.0,2.4,68.0,1.95
70,1966-04-06,Clayton South,-37.93333,145.11667,71,0.7,15.6,49.0,1.49
71,1966-08-20,Niterói,-22.88333,-43.10361,0,0.0,21.8,46.4,2.74
73,1967-05-20,Falcon Lake,49.68485,-95.33069,76,0.0,4.5,50.9,0.94
74,1967-08-29,Cussac,45.70677,0.84974,76,0.7,19.5,49.7,1.51
76,1967-10-04,Shag Harbour,43.49405,-65.71802,52,0.0,13.2,56.3,5.68
77,1969-01-06,Leary,31.48573,-84.5138,17,0.0,1.9,56.2,2.37
78,1969-04-12,Pori,61.48072,21.78518,80,0.1,2.3,63.1,1.62
80,1969-09-08,Pudasjärvi,65.38333,26.91667,85,3.3,7.6,83.6,3.25
81,1973-10-11,Pascagoula,30.36576,-88.55613,29,0.7,24.7,40.9,2.52
82,1974-01-23,Llandrillo,52.92277,-3.4376,78,5.1,7.7,81.3,4.59
83,1974-08-23,New York,40.71427,-74.00597,99,7.0,23.0,62.4,5.27
84,1975-01-12,North Bergen,40.80427,-74.01208,40,1.1,7.2,62.1,3.67
86,1976-09-17,Tehran,35.69439,51.42151,48,0.7,22.6,7.5,0.09
89,1978-05-10,Emilcin,51.13249,22.03791,92,8.3,7.1,73.4,2.55
91,1978-12-06,Torriglia,44.51755,9.15811,1,0.0,-1.8,64.5,5.06
94,1979-11-09,Livingston,55.90288,-3.52261,36,0.0,1.3,70.5,2.47
95,1979-11-11,Valencia,39.47391,-0.37966,1,0.0,10.7,29.0,0.27
98,1980-12-29,Dayton,30.04661,-94.8852,67,0.0,11.1,46.2,0.85
99,1981-01-08,Trans-en-Provence,43.50326,6.48641,12,0.0,0.6,24.6,1.35
101,1986-05-19,São Paulo,-23.5475,-46.63611,60,0.9,21.8,71.9,2.76
105,1989-09-27,Voronezh,51.66833,39.19204,93,0.2,11.9,66.8,2.31
108,1994-09-16,Ruwa,-17.88972,31.24472,2,0.0,18.9,15.8,0.02
109,1996-01-20,Varginha,-21.55139,-45.43028,79,8.5,22.7,68.9,6.14
110,1997-03-13,Phoenix,33.44838,-112.07404,26,0.0,23.3,26.7,0.6
111,2000-10-05,Bonsall,53.12114,-1.58455,59,4.6,8.9,70.7,4.69
112,2004-03-05,Campeche,19.84073,-90.51676,14,0.0,29.7,36.3,0.01
114,2004-11-14,San Diego,32.71571,-117.16472,1,0.0,15.9,29.5,0.59
115,2006-11-07,Chicago,41.85003,-87.65005,85,0.0,10.0,57.7,1.67
119,2009-01-05,Morristown,40.79677,-74.48154,93,0.0,2.9,58.9,2.42
122,2010-07-07,Hangzhou,30.29365,120.16142,76,0.0,26.2,86.4,12.89
136,2026-05-31,Campo Largo,-25.45955,-49.53014,91,0.0,14.3,74.5,3.35
